gaurav,37.187.110.186 
sftp,202.28.25.99 
napporn,37.230.228.43 
user,116.196.90.63 
cqusers,85.113.39.134 
redmine,194.182.76.190 
valerie,91.219.66.43 
team,104.236.214.8 
opc,89.250.82.53 
dark,123.207.229.71 
sabina,37.59.6.106 
compta,40.114.25.203 
arjun,181.188.187.139 
ferdinand,106.12.42.98 
ubuntu,149.202.54.124 
oracle4,206.189.97.89 
allison,202.90.199.174 
abigail,13.127.58.123 
manager,182.23.104.211 
manager,62.234.133.230 
vyatta,3.8.5.110 
admin,35.243.167.187 
dev,82.1.137.1 
dev,46.219.3.139 
ph,142.93.108.200 
brandon,150.187.90.221 
mr,140.86.51.125 
ts3bot,14.23.168.178 
ts3server,186.109.81.185 
logger,40.79.33.85 
gnats,200.6.136.184 
www,119.235.21.178 
avis,132.232.103.159 
gk,51.77.192.132 
gk,122.228.253.100 
mexal,54.38.181.69 
ftp_user,121.201.110.216 
osbash,111.231.249.219 
srv,5.228.248.50 
clamav1,46.105.123.11 
yarn,123.207.241.223 
testuser,177.200.111.202 
cooper,51.75.120.244 
server,49.247.206.212 
server,118.192.9.10 
mythtv,114.34.53.178 
turbine,132.248.59.140 
bernard,196.35.41.86 
mitchell,185.160.167.97 
teamspeak,182.23.104.211 
prova,202.52.13.100 
cacti,167.99.43.65 
starbound,138.68.78.196 
ts3server1,91.121.175.130 
db,106.12.205.132 
db,27.121.80.74 
devserver,46.255.165.183 
devserver,221.11.92.82 
test1,27.50.18.13 
silver,51.15.173.40 
contador,188.166.8.178 
factorio,14.18.73.236 
www,183.111.227.66 
factorio,122.225.100.82 
anna,52.169.27.152 
jyroda,46.105.244.17 
gary,188.226.212.130 
pablo,178.62.201.159 
magazine,82.64.8.34 
admin,109.225.84.131 
user,118.71.224.186 
elsa,106.12.126.91 
sunil,79.6.34.129 
test,106.12.205.171 
cactiuser,46.219.3.139 
teamspeak3,122.152.210.97 
admin,81.136.255.20 
ts3user,167.99.4.112 
ts3user,138.197.5.191 
ts3user,192.99.245.135 
aaaa,5.39.92.185 
aaaa,137.74.26.179 
guest,181.40.76.162 
henk,46.105.163.94 
installer,106.13.45.22 
carlos,106.75.177.219 
simran,121.48.165.37 
ubuntu,187.188.191.40 
openstack,120.52.120.166 
www,59.124.203.185 
select,164.132.205.21 
divya,219.93.20.155 
contador,125.131.140.234 
steam,144.217.79.233 
nnjoki,192.99.36.76 
steam,46.101.77.58 
admin,144.217.160.166 
monitor,5.39.79.48 
monitor,80.211.230.129 
ginger,67.207.95.95 
mihai,180.96.28.87 
server,106.12.209.252 
al,35.227.34.247 
sakshi,206.189.198.64 
phion,216.169.152.133 
sakshi,40.113.217.229 
sybase,128.199.214.9 
sam,61.178.93.167 
testuser,36.66.203.23 
al,134.175.32.142 
redmine,178.33.223.234 
ubuntu,190.27.135.113 
nagios,122.228.253.91 
blog,104.248.181.38 
bm,74.92.210.138 
lw,200.153.173.55 
blog,118.192.9.10 
write,101.236.29.126 
bouncer,118.89.24.165 
pnjeri,202.129.188.69 
max,111.207.49.185 
pankaj,180.250.111.17 
tomcat,123.206.96.75 
openerp,179.219.89.62 
spark,118.26.64.58 
nagios,168.253.72.209 
testuser,120.132.23.72 
wp,139.159.3.218 
admin,41.39.47.125 
or,89.36.220.145 
or,5.135.185.155 
sinusbot,5.196.70.107 
vega,160.20.53.2 
ejabberd,185.96.53.111 
ejabberd,46.219.3.139 
template,37.59.37.69 
src,122.182.18.206 
mitchell,167.99.194.54 
src,125.212.233.50 
houx,118.24.18.241 
administrator,193.112.244.110 
sammy,185.86.155.86 
vnc,37.187.0.20 
lx,5.135.152.97 
test,202.69.73.114 
db2inst1,37.143.230.29 
factorio,188.166.64.241 
test,183.214.141.6 
xrdp,51.75.202.58 
test6,187.51.24.194 
igor,192.241.139.102 
odoo,178.62.252.89 
admin,116.126.53.112 
sinusbot,121.167.147.150 
admin,200.69.250.253 
services,107.170.231.130 
web,51.38.185.238 
nagios,128.199.234.143 
admin,67.175.58.114 
support,67.175.58.114 
deployer,139.59.59.194 
deployer,119.29.58.239 
cactiuser,118.89.166.193 
sgi,81.98.32.252 
ts,51.68.230.28 
demo,103.41.23.205 
applmgr,50.197.60.170 
kody,40.114.80.41 
theo,181.143.146.42 
localadmin,82.208.134.35 
admin,121.225.85.178 
mother,121.225.85.178 
Robert,107.170.20.247 
nagios,128.199.193.132 
nagios,220.134.8.244 
www,110.10.174.179 
nagios,52.60.87.105 
user,61.147.181.27 
test6,180.76.107.186 
sitadmin,146.185.169.240 
taiga,159.65.154.49 
sport,212.64.91.66 
ftpuser,50.63.165.214 
sds,178.62.60.225 
ftp_test,51.38.65.243 
ftp_test,52.172.134.77 
ajay,37.230.228.43 
deploy,218.17.221.58 
testuser,106.12.159.112 
vftp,119.29.135.217 
sanil,51.38.33.178 
sanil,188.165.224.141 
user,213.149.105.12 
hamza,41.221.98.158 
deploy2,80.211.7.198 
updater,218.103.112.98 
jana,85.255.11.63 
jana,78.94.36.59 
alberto,147.135.208.7 
alberto,93.245.182.53 
ftp_test,212.156.41.98 
admin,119.29.8.136 
ec2,211.253.25.21 
kodi,41.82.254.90 
administrator,88.98.255.75 
czarek,139.59.96.172 
vaibhav,202.120.47.213 
wwwroot,104.238.92.100 
ckodhek,5.249.145.73 
kevin,195.24.207.199 
deb,85.152.27.19 
gpadmin,168.181.51.106 
admin,5.101.40.81 
ow,79.137.75.32 
devcpc,200.116.182.117 
external,180.76.52.25 
ashish,91.134.241.32 
navy,212.237.8.162 
wp,211.157.146.102 
external,222.106.92.201 
tomcat,51.68.230.28 
tomcat,117.48.206.48 
aj,5.39.77.131 
admin,49.70.137.147 
usuario,49.70.137.147 
service,49.70.137.147 
ftp_user,202.69.73.114 
git,112.35.62.225 
git,118.24.99.163 
admin,209.141.52.115 
user2,85.132.38.4 
butter,189.254.33.157 
sales,68.183.124.72 
advent,96.31.221.104 
advent,67.186.244.255 
jboss,103.23.42.208 
db2fenc,185.10.57.14 
db2fenc,104.248.182.124 
test,113.161.62.226 
test,121.134.204.54 
svt,119.28.139.81 
luser,188.165.19.221 
tester,104.236.142.200 
teamspeak,138.68.3.141 
ftpproc,140.143.140.173 
test,117.50.45.122 
michal,203.142.76.28 
butter,58.26.43.39 
admin,88.248.61.11 
mc,51.75.202.58 
user,89.35.52.92 
anish,121.49.99.9 
worker,213.160.61.126 
nexus,211.159.147.225 
ubuntu,178.128.98.90 
hn,51.38.49.138 
hn,185.193.235.42 
deployer,71.184.65.125 
spark,186.147.163.171 
wwwdata,203.86.206.49 
bird,178.32.137.119 
don,103.28.219.171 
nexus,95.103.126.202 
uupc,13.76.5.21 
nexus,91.121.14.96 
luca,14.116.251.29 
test,89.134.42.194 
nagios,132.232.39.15 
admin,41.47.128.3 
element,210.154.29.140 
ftpuser,118.179.136.26 
mars,123.206.22.145 
admin,117.3.69.194 
forum,148.70.55.214 
guest3,41.33.108.116 
jboss,119.235.21.178 
site,69.142.92.134 
mike,35.200.239.160 
qqq,104.236.181.158 
jonah,104.248.44.227 
zhang,14.116.251.29 
hadoop,189.254.33.157 
